Data-set,Original,Smote,Artificial
GCHMSB25,52.800351,55.560611,54.469038
GCHMSB12,34.962381,43.041052,37.08234
GCHMSB6,19.707791,30.713077,22.839912
