Data-set,Original,Smote,Artificial
BICMSB25,50.262242,54.297896,56.156838
BICMSB12,32.013253,42.383541,39.385127
BICMSB6,15.959812,25.710404,27.070875
