Data-set,Original,Smote,Artificial
ACCMSB25,48.396772,50.610906,54.301746
ACCMSB12,33.008882,38.522822,40.376495
ACCMSB6,15.197725,20.5306292,23.915422
