Data-set,Original,Smote,Artificial
Haralick6Intensity25,47.07238375,48.68708125,51.40160125
Haralick6Intensity12,34.82872375,39.82428625,37.35461875
Haralick6Intensity6,15.98357,26.17992,26.300832875
