Data-set,Original,Smote,Artificial
ACCMSB25,47.82535125,50.10481,54.30026875
ACCMSB12,31.42283875,35.91810375,39.7595075
ACCMSB6,17.27608625,23.13294125,30.094395
