Data-set,Original,Smote,Artificial
BICMSB25,49.479231,53.857285,53.025082
BICMSB12,32.455871,41.235438,37.592387
BICMSB6,15.115006,27.0076756,22.28889
