Data-set,Original,Smote,Artificial
CCVMSB25,51.9531075,55.58771875,57.68379375
CCVMSB12,33.2994025,42.368805,43.34435
CCVMSB6,15.3002125,27.2113025,29.05452125
