Data-set,Original,Smote,Artificial
CCVMSB25,51.416703,54.557583,55.232055
CCVMSB12,34.053066,43.695569,42.146372
CCVMSB6,12.984876,25.2441741,25.011104
