Data-set,Original,Smote,Artificial
ACCMSB25,49.86156,51.614567,53.63804
ACCMSB12,32.513773,38.016013,39.281755
ACCMSB6,19.072677,25.083269,27.550213
