Data-set,Original,Smote,Artificial
BICMSB25,50.527466,55.178671,53.901222
BICMSB12,32.257675,40.332442,39.686504
BICMSB6,13.661249,26.358387,23.208943
