Data-set,Original,Smote,Artificial
CCVMSB25,50.229356,54.258978,52.812358
CCVMSB12,32.05433,41.846623,37.541866
CCVMSB6,16.465297,28.334658,17.966012
