Data-set,Original,Smote,Artificial
GCHMSB25,51.810507,54.470257,53.830451
GCHMSB12,36.715202,43.985829,36.69605
GCHMSB6,15.675616,28.969817,19.386642
