Data-set,Original,Smote,Artificial
CCVMSB25,50.752442,54.630386,55.158494
CCVMSB12,31.82351,41.838111,40.424809
CCVMSB6,13.834947,27.170352,23.685026
