Data-set,Original,Smote,Artificial
GCHMSB25,50.7640125,53.488085,57.2220625
GCHMSB12,37.0521,44.3633925,44.06992
GCHMSB6,17.62968125,30.04538125,30.10602
