Data-set,Original,Smote,Artificial
BICMSB25,51.27071,54.884717,51.447791
BICMSB12,31.309497,39.867352,36.848365
BICMSB6,12.050374,24.605765,16.892013
