Data-set,Original,Smote,Artificial
Haralick6Intensity25,47.100066,48.449369,48.595725
Haralick6Intensity12,32.1800584,37.316027,30.064838
Haralick6Intensity6,12.958851,24.822181,17.923704
