Data-set,Original,Smote,Artificial
ACCMSB25,49.212428,51.533408,51.514408
ACCMSB12,33.133554,38.953962,33.343563
ACCMSB6,15.560635,21.75063,17.20514
