Data-set,Original,Smote,Artificial
Haralick6Intensity25,48.250588,49.690709,51.014397
Haralick6Intensity12,32.772102,38.409533,39.01247
Haralick6Intensity6,17.570786,24.69034,21.176981
