Data-set,Original,Smote,Artificial
ACCMSB25,50.293454,52.496396,51.344826
ACCMSB12,33.894186,38.573777,35.584991
ACCMSB6,14.531298,21.50508,22.525411
