Data-set,Original,Smote,Artificial
Haralick6Intensity25,47.620734,49.469218,49.702765
Haralick6Intensity12,32.019076,38.048521,35.1683
Haralick6Intensity6,15.192671,22.8922356,20.708566
