Data-set,Original,Smote,Artificial
GCHMSB25,52.1827,54.430806,55.672517
GCHMSB12,35.459044,43.677166,41.967825
GCHMSB6,13.445407,28.707962,25.122862
