Data-set,Original,Smote,Artificial
Haralick6Intensity25,48.569162,49.940601,51.241491
Haralick6Intensity12,32.766859,37.830032,35.382311
Haralick6Intensity6,19.612694,27.3761184,22.542258
