Data-set,Original,Smote,Artificial
CCVMSB25,51.365709,55.239168,52.792415
CCVMSB12,34.261023,42.293144,35.402885
CCVMSB6,15.047854,26.757456,17.508327
