Data-set,Original,Smote,Artificial
GCHMSB25,52.163475,54.943894,56.026612
GCHMSB12,35.792596,43.691527,43.503227
GCHMSB6,18.108908,28.543587,28.1934981
