Data-set,Original,Smote,Artificial
BICMSB25,50.301786747,55.111426506,57.4200963855
BICMSB12,31.0465975904,40.5601915663,41.699826506
BICMSB6,15.5412915663,23.5120807229,23.9191891566
